Date,Predictions,Close
02-01-2018,913.3542,902.594299
03-01-2018,914.7603,906.210022
04-01-2018,918.42633,911.658386
05-01-2018,923.95013,914.580688
08-01-2018,926.9127,919.830933
09-01-2018,932.2352,932.114502
10-01-2018,944.6864,933.501343
11-01-2018,946.09204,928.944519
12-01-2018,941.4733,940.088867
15-01-2018,952.76855,940.237488
16-01-2018,952.9192,914.283508
17-01-2018,926.61145,915.81897
18-01-2018,928.168,911.064026
19-01-2018,923.34753,922.555115
22-01-2018,934.9967,962.377625
23-01-2018,975.354,974.017273
24-01-2018,987.1458,957.276001
25-01-2018,970.1851,956.8302
29-01-2018,969.73346,955.443359
30-01-2018,968.3282,941.475769
31-01-2018,954.17413,952.273376
01-02-2018,965.11615,934.987244
02-02-2018,947.598,895.858154
05-02-2018,907.9302,893.678833
06-02-2018,905.7204,883.723206
07-02-2018,895.62476,886.001587
08-02-2018,897.93524,896.056274
09-02-2018,908.13104,889.419189
12-02-2018,901.40094,906.903442
14-02-2018,919.12933,924.883057
15-02-2018,937.35645,926.864258
16-02-2018,939.3647,912.648987
19-02-2018,924.95435,918.295471
20-02-2018,930.67865,912.450867
21-02-2018,924.75354,920.623413
22-02-2018,933.0385,915.670349
23-02-2018,928.01746,925.477417
26-02-2018,937.959,929.88562
27-02-2018,942.4272,941.574829
28-02-2018,954.2745,945.586792
01-03-2018,958.3403,939.494507
05-03-2018,952.16614,915.422729
06-03-2018,927.76636,902.297119
07-03-2018,914.45905,881.395264
08-03-2018,893.2639,902.891479
09-03-2018,915.06165,904.526001
12-03-2018,916.71893,921.564514
13-03-2018,933.99255,923.099915
14-03-2018,935.54895,920.326233
15-03-2018,932.7373,903.23822
16-03-2018,915.41315,891.598511
19-03-2018,903.6109,887.091248
20-03-2018,899.0403,881.444763
21-03-2018,893.3141,888.478088
22-03-2018,900.4466,899.622498
23-03-2018,911.74713,885.506287
26-03-2018,897.433,892.638672
27-03-2018,904.66565,891.350891
28-03-2018,903.3598,874.411438
02-04-2018,886.18115,884.565186
03-04-2018,896.4786,891.10321
04-04-2018,903.1086,886.496887
05-04-2018,898.4375,899.671997
06-04-2018,911.7973,902.44574
09-04-2018,914.6097,907.398743
10-04-2018,919.63153,908.438904
11-04-2018,920.6861,922.109314
12-04-2018,934.5448,919.979492
13-04-2018,932.38574,930.03418
16-04-2018,942.57776,928.251099
17-04-2018,940.77045,935.383484
18-04-2018,947.99963,929.1922
19-04-2018,941.72437,933.451782
20-04-2018,946.04175,919.187012
23-04-2018,931.5824,927.210938
24-04-2018,939.7161,960.941223
25-04-2018,973.89874,961.387024
26-04-2018,974.3504,966.191467
27-04-2018,979.2179,986.944763
30-04-2018,1000.2398,954.254639
02-05-2018,967.1237,963.566345
03-05-2018,976.5584,952.570557
04-05-2018,965.4173,944.992432
07-05-2018,957.738,961.882324
08-05-2018,974.85223,958.018921
09-05-2018,970.93787,967.528809
10-05-2018,980.57275,971.937012
11-05-2018,985.0385,979.960938
14-05-2018,993.1664,977.335815
15-05-2018,990.5074,969.75769
16-05-2018,982.8308,947.171753
17-05-2018,959.9465,936.473145
18-05-2018,949.104,925.081177
21-05-2018,937.5573,922.604614
22-05-2018,935.0469,918.047852
23-05-2018,930.4276,903.68396
24-05-2018,915.8652,907.250183
25-05-2018,919.4809,912.153687
28-05-2018,924.4523,911.757446
29-05-2018,924.05054,908.835144
30-05-2018,921.08777,907.497803
31-05-2018,919.73193,912.698547
01-06-2018,925.00464,921.812134
04-06-2018,934.2435,932.015442
05-06-2018,944.586,938.751587
06-06-2018,951.41327,945.438171
07-06-2018,958.18964,962.229004
08-06-2018,975.2035,975.106934
11-06-2018,988.2496,973.4229130000001
12-06-2018,986.54376,987.7867429999999
13-06-2018,1001.0925,993.086548
14-06-2018,1006.4597,998.485352
15-06-2018,1011.92676,1004.676697
18-06-2018,1018.19574,1006.0139769999998
19-06-2018,1019.5498,986.697083
20-06-2018,999.98895,1009.67926
21-06-2018,1023.26056,1022.2600099999999
22-06-2018,1035.9958,1002.992615
25-06-2018,1016.4906,995.0182500000001
26-06-2018,1008.41595,969.75769
27-06-2018,982.8308,956.780701
28-06-2018,969.6833,936.076904
29-06-2018,948.70245,963.318726
02-07-2018,976.3075,951.579956
03-07-2018,964.4135,962.179504
04-07-2018,975.15326,980.802979
05-07-2018,994.0193,955.443359
06-07-2018,968.3282,968.370789
09-07-2018,981.4257,987.7372440000001
10-07-2018,1001.0425,1016.0686649999999
11-07-2018,1029.7288,1029.045654
12-07-2018,1042.8636,1072.186768
13-07-2018,1086.5059,1089.4729
16-07-2018,1103.9819,1066.094482
17-07-2018,1080.3452,1082.092896
18-07-2018,1096.5217,1082.291016
19-07-2018,1096.7219,1094.475464
20-07-2018,1109.0381,1118.052002
23-07-2018,1132.8599,1109.780396
24-07-2018,1124.5038,1100.518188
25-07-2018,1115.145,1104.678711
26-07-2018,1119.3491,1100.220947
27-07-2018,1114.8446,1119.240723
30-07-2018,1134.0607,1140.588379
31-07-2018,1155.6179,1174.863525
01-08-2018,1190.2046,1181.153809
02-08-2018,1196.5486,1157.37915
03-08-2018,1172.5653,1165.898438
06-08-2018,1181.161,1181.401489
07-08-2018,1196.7983,1173.080322
08-08-2018,1188.406,1206.265747
09-08-2018,1221.8633,1206.513428
10-08-2018,1222.1128,1192.892578
13-08-2018,1208.3844,1176.547485
14-08-2018,1191.903,1199.232422
16-08-2018,1214.775,1189.524536
17-08-2018,1204.9889,1192.446777
20-08-2018,1207.9349,1223.304321
21-08-2018,1239.0287,1235.48877
23-08-2018,1251.2982,1257.529907
24-08-2018,1273.4813,1265.504272
27-08-2018,1281.5029,1279.372803
28-08-2018,1295.4487,1306.614624
29-08-2018,1322.8225,1282.047485
30-08-2018,1298.1375,1262.48291
31-08-2018,1278.464,1229.990967
03-09-2018,1245.7627,1217.608276
04-09-2018,1233.2913,1230.288086
05-09-2018,1246.0618,1215.478516
06-09-2018,1231.1458,1249.55542
07-09-2018,1265.4574,1266.593994
10-09-2018,1282.599,1244.057617
11-09-2018,1259.9242,1226.078003
12-09-2018,1241.8221,1240.739014
14-09-2018,1256.5837,1241.382935
17-09-2018,1257.2319,1214.388794
18-09-2018,1230.0479,1205.720947
19-09-2018,1221.3142,1199.381104
21-09-2018,1214.9249,1206.067627
24-09-2018,1221.6636,1220.481079
25-09-2018,1236.185,1219.044678
26-09-2018,1234.7382,1239.649414
27-09-2018,1255.4869,1241.977295
28-09-2018,1257.8302,1246.137817
01-10-2018,1262.018,1220.134399
03-10-2018,1235.8359,1193.78418
04-10-2018,1209.2832,1111.712036
05-10-2018,1126.4552,1039.001343
08-10-2018,1052.9382,1098.982788
09-10-2018,1113.5934,1079.814453
10-10-2018,1094.2183,1091.751343
11-10-2018,1106.2848,1077.585571
12-10-2018,1091.9647,1115.97168
15-10-2018,1130.7584,1129.047729
16-10-2018,1143.9653,1152.871948
17-10-2018,1168.0167,1140.489258
19-10-2018,1155.5178,1090.95874
22-10-2018,1105.4838,1052.671753
23-10-2018,1066.7688,1044.796387
24-10-2018,1058.8016,1035.93042
25-10-2018,1049.8308,1021.120789
26-10-2018,1034.8428,1035.088379
29-10-2018,1048.9788,1077.585571
30-10-2018,1091.9647,1047.074829
31-10-2018,1061.1069,1051.284912
01-11-2018,1065.366,1046.331787
02-11-2018,1060.3551,1064.806641
05-11-2018,1079.0428,1080.062134
06-11-2018,1094.4686,1093.732544
07-11-2018,1108.2874,1100.270508
09-11-2018,1114.8947,1083.182495
12-11-2018,1097.6232,1069.858765
13-11-2018,1084.1519,1089.126221
14-11-2018,1103.6315,1087.640259
15-11-2018,1102.1295,1086.550537
16-11-2018,1101.028,1116.813721
19-11-2018,1131.6091,1139.201538
20-11-2018,1154.2178,1126.719849
21-11-2018,1141.6145,1102.449829
22-11-2018,1117.0969,1092.494263
26-11-2018,1107.0358,1099.329468
27-11-2018,1113.9437,1117.606201
28-11-2018,1132.4095,1141.82666
29-11-2018,1156.8679,1157.527832
30-11-2018,1172.7152,1156.58667
03-12-2018,1171.7655,1145.590942
04-12-2018,1160.6678,1141.479858
05-12-2018,1156.5178,1144.303101
06-12-2018,1159.3679,1113.098877
07-12-2018,1127.8563,1123.153687
10-12-2018,1138.0128,1080.012573
11-12-2018,1094.4185,1087.244019
12-12-2018,1101.7289,1100.072388
13-12-2018,1114.6945,1096.654785
14-12-2018,1111.2407,1101.75647
17-12-2018,1116.3964,1119.290283
18-12-2018,1134.1106,1125.729248
19-12-2018,1140.6141,1126.125488
20-12-2018,1141.0143,1117.853882
21-12-2018,1132.6598,1089.869141
24-12-2018,1104.3824,1078.922852
26-12-2018,1093.3168,1088.036499
27-12-2018,1102.53,1109.681274
28-12-2018,1124.4036,1114.981079
31-12-2018,1129.7578,1110.721436
01-01-2019,1125.4546,1110.473877
02-01-2019,1125.2045,1096.010864
03-01-2019,1110.59,1082.489136
04-01-2019,1096.9222,1088.33374
07-01-2019,1102.8304,1094.376465
08-01-2019,1108.9382,1094.277344
09-01-2019,1108.8379,1100.320068
10-01-2019,1114.9447,1097.100586
11-01-2019,1111.6913,1087.739258
14-01-2019,1102.2295,1086.501099
15-01-2019,1100.9779,1119.042603
16-01-2019,1133.8605,1125.233887
17-01-2019,1140.1138,1123.797485
18-01-2019,1138.663,1173.229004
21-01-2019,1188.5559,1226.078003
22-01-2019,1241.8221,1223.552002
23-01-2019,1239.2782,1214.785034
24-01-2019,1230.4471,1235.73645
25-01-2019,1251.5476,1234.300049
28-01-2019,1250.1016,1218.004517
29-01-2019,1233.6903,1199.281982
30-01-2019,1214.8251,1184.472412
31-01-2019,1199.895,1215.627075
01-02-2019,1231.2954,1238.213013
04-02-2019,1254.041,1278.778442
05-02-2019,1294.8512,1279.422363
06-02-2019,1295.4985,1297.946777
07-02-2019,1314.1156,1278.283203
08-02-2019,1294.3533,1265.702393
11-02-2019,1281.7023,1241.481934
12-02-2019,1257.3315,1244.602417
14-02-2019,1260.4725,1212.704712
15-02-2019,1228.3512,1232.764648
18-02-2019,1248.5555,1208.643311
19-02-2019,1224.2592,1204.680786
20-02-2019,1220.2661,1222.759521
21-02-2019,1238.48,1235.19165
22-02-2019,1250.9991,1220.778198
25-02-2019,1236.4844,1220.72876
26-02-2019,1236.4344,1208.79187
27-02-2019,1224.4088,1212.011353
28-02-2019,1227.6527,1219.490479
01-03-2019,1235.1873,1214.537354
05-03-2019,1230.1976,1226.028442
06-03-2019,1241.7722,1252.923584
07-03-2019,1268.8466,1258.322388
08-03-2019,1274.2786,1255.201904
11-03-2019,1271.139,1291.854492
12-03-2019,1307.9943,1318.848633
13-03-2019,1335.1069,1334.648804
14-03-2019,1350.9639,1328.952881
15-03-2019,1345.2485,1309.239746
18-03-2019,1325.4589,1337.373047
19-03-2019,1353.697,1363.624146
20-03-2019,1380.0183,1362.534546
22-03-2019,1378.9264,1329.151001
25-03-2019,1345.4475,1312.013428
26-03-2019,1328.2441,1354.411499
27-03-2019,1370.784,1336.580566
28-03-2019,1352.902,1347.229614
01-04-2019,1363.5831,1378.780518
02-04-2019,1395.2028,1376.650757
03-04-2019,1393.0696,1362.286865
04-04-2019,1378.6781,1340.344849
05-04-2019,1356.6781,1341.18689
08-04-2019,1357.5228,1316.768311
09-04-2019,1333.0184,1321.919556
10-04-2019,1338.1896,1318.898193
11-04-2019,1335.1566,1334.153564
12-04-2019,1350.467,1330.488281
15-04-2019,1346.7893,1327.56604
16-04-2019,1343.8568,1331.132202
18-04-2019,1347.4355,1372.935913
22-04-2019,1389.3484,1332.717163
23-04-2019,1349.0259,1351.043457
24-04-2019,1367.4075,1376.452637
25-04-2019,1392.8711,1359.513184
26-04-2019,1375.8982,1379.721558
30-04-2019,1396.1451,1379.721558
02-05-2019,1396.1451,1391.856567
03-05-2019,1408.2952,1395.62085
06-05-2019,1412.0629,1371.895752
07-05-2019,1388.3064,1330.884521
08-05-2019,1347.1869,1287.248169
09-05-2019,1303.365,1244.651978
10-05-2019,1260.5223,1239.401733
13-05-2019,1255.2377,1220.481079
14-05-2019,1236.185,1248.61438
15-05-2019,1264.5103,1245.097778
16-05-2019,1260.9712,1253.468384
17-05-2019,1269.3949,1255.499146
20-05-2019,1271.4381,1313.449829
21-05-2019,1329.6865,1327.219238
22-05-2019,1343.5088,1327.813599
23-05-2019,1344.1052,1321.374634
24-05-2019,1337.6426,1324.296997
27-05-2019,1340.5759,1298.343018
28-05-2019,1314.5137,1311.319946
29-05-2019,1327.5479,1300.720459
30-05-2019,1316.902,1317.263672
31-05-2019,1333.5157,1317.659912
03-06-2019,1333.9136,1347.427734
04-06-2019,1363.7817,1338.958008
06-06-2019,1355.287,1314.88623
07-06-2019,1331.1288,1302.553101
10-06-2019,1318.7429,1306.763184
11-06-2019,1322.9717,1316.669312
12-06-2019,1332.919,1319.641113
13-06-2019,1335.9025,1314.787109
14-06-2019,1331.0292,1305.178223
17-06-2019,1321.3798,1270.259155
18-06-2019,1286.2852,1268.971436
19-06-2019,1284.99,1265.355713
20-06-2019,1281.3536,1284.573486
21-06-2019,1300.6766,1267.485474
24-06-2019,1283.4956,1250.546021
25-06-2019,1266.4542,1283.682007
26-06-2019,1299.7806,1281.997925
27-06-2019,1298.0876,1262.185791
28-06-2019,1278.165,1241.333374
01-07-2019,1257.1821,1256.935547
02-07-2019,1272.8833,1266.494873
03-07-2019,1282.4993,1270.506836
04-07-2019,1286.5343,1271.943237
05-07-2019,1287.9786,1251.487183
08-07-2019,1267.4014,1240.293213
09-07-2019,1256.135,1268.079834
10-07-2019,1284.0935,1266.841553
11-07-2019,1282.8481,1269.516235
12-07-2019,1285.538,1268.476074
15-07-2019,1284.492,1264.117432
16-07-2019,1280.1082,1280.858765
17-07-2019,1296.9425,1269.813477
18-07-2019,1285.8369,1250.001221
19-07-2019,1265.9059,1237.271851
22-07-2019,1253.0935,1268.476074
23-07-2019,1284.492,1261.591431
24-07-2019,1277.5671,1247.2771
25-07-2019,1263.1644,1219.936279
26-07-2019,1235.6362,1202.402466
29-07-2019,1217.9701,1199.579224
30-07-2019,1215.1245,1169.811401
31-07-2019,1185.1086,1155.29895
01-08-2019,1170.4661,1169.16748
02-08-2019,1184.459,1173.229004
05-08-2019,1188.5559,1132.613892
06-08-2019,1147.5664,1117.705322
07-08-2019,1132.5098,1098.982788
08-08-2019,1113.5934,1141.529419
09-08-2019,1156.5679,1151.187866
13-08-2019,1166.3171,1262.780151
14-08-2019,1278.763,1276.15332
16-08-2019,1292.2119,1265.999634
19-08-2019,1282.0012,1280.462524
20-08-2019,1296.5443,1263.968872
21-08-2019,1279.9586,1259.015747
22-08-2019,1274.9761,1235.042969
23-08-2019,1250.8495,1263.869751
26-08-2019,1279.8589,1254.904785
27-08-2019,1270.84,1262.87915
28-08-2019,1278.8625,1251.437622
29-08-2019,1267.3514,1230.089966
30-08-2019,1245.8624,1236.826172
03-09-2019,1252.6448,1195.071899
04-09-2019,1210.5814,1189.871216
05-09-2019,1205.3385,1187.345215
06-09-2019,1202.7917,1211.020752
09-09-2019,1226.6545,1210.723511
11-09-2019,1226.3551,1222.80896
12-09-2019,1238.5298,1198.984863
13-09-2019,1214.5255,1214.091675
16-09-2019,1229.7487,1199.381104
17-09-2019,1214.9249,1186.205933
18-09-2019,1201.643,1194.37854
19-09-2019,1209.8823,1167.97876
20-09-2019,1183.2599,1242.571655
23-09-2019,1258.4286,1227.563965
24-09-2019,1243.3186,1266.692993
25-09-2019,1282.6986,1267.535034
26-09-2019,1283.5454,1284.623047
27-09-2019,1300.7264,1296.758057
30-09-2019,1312.9213,1319.740234
01-10-2019,1336.002,1292.646973
03-10-2019,1308.7905,1298.739258
04-10-2019,1314.9116,1295.816895
07-10-2019,1311.9756,1297.798218
09-10-2019,1313.9662,1312.310547
10-10-2019,1328.5425,1349.953735
11-10-2019,1366.3147,1339.899048
14-10-2019,1356.2308,1345.248413
15-10-2019,1361.5963,1351.340698
16-10-2019,1367.7054,1359.463623
17-10-2019,1375.8485,1383.386841
18-10-2019,1399.8156,1403.050537
22-10-2019,1419.4976,1400.871094
23-10-2019,1417.3169,1379.325317
24-10-2019,1395.7483,1422.961792
25-10-2019,1439.4103,1417.760986
27-10-2019,1434.2108,1420.782349
29-10-2019,1437.2316,1453.274414
30-10-2019,1469.6915,1465.211304
31-10-2019,1481.6045,1450.599731
01-11-2019,1467.0212,1443.219727
04-11-2019,1459.6519,1443.962646
05-11-2019,1460.3938,1433.709839
06-11-2019,1450.152,1421.42627
07-11-2019,1437.8752,1444.903809
08-11-2019,1461.3337,1431.926758
11-11-2019,1448.3704,1414.392944
13-11-2019,1430.843,1458.475098
14-11-2019,1474.8826,1449.014771
15-11-2019,1465.4388,1457.038696
18-11-2019,1473.449,1445.498169
19-11-2019,1461.9272,1495.573486
20-11-2019,1511.8751,1533.117554
21-11-2019,1549.2435,1523.161987
22-11-2019,1539.3416,1531.978394
25-11-2019,1548.1108,1546.887085
26-11-2019,1562.9305,1545.599243
27-11-2019,1561.6509,1555.109131
28-11-2019,1571.0988,1565.460938
29-11-2019,1581.3774,1536.584717
02-12-2019,1552.6909,1571.602783
03-12-2019,1587.4733,1564.074097
04-12-2019,1580.0007,1538.120117
05-12-2019,1554.2173,1536.287476
06-12-2019,1552.3953,1540.299561
09-12-2019,1556.3838,1557.833252
10-12-2019,1573.8041,1547.283325
11-12-2019,1563.3242,1547.729126
12-12-2019,1563.7673,1553.474609
13-12-2019,1569.4752,1568.036621
16-12-2019,1583.9342,1551.889648
17-12-2019,1567.9008,1548.026245
18-12-2019,1564.0626,1561.052734
19-12-2019,1577.0011,1594.832642
20-12-2019,1610.5106,1584.084473
23-12-2019,1599.8552,1556.644531
24-12-2019,1572.6237,1531.928833
26-12-2019,1548.0614,1501.17041
27-12-2019,1517.4503,1527.86731
30-12-2019,1544.0221,1529.699951
31-12-2019,1545.8448,1499.83313
01-01-2020,1516.1184,1495.424927
02-01-2020,1511.7272,1520.883545
03-01-2020,1537.0746,1522.716187
06-01-2020,1538.8978,1487.400879
07-01-2020,1503.7316,1510.284058
08-01-2020,1526.5254,1498.941528
09-01-2020,1515.2303,1533.464233
10-01-2020,1549.5883,1533.117554
13-01-2020,1549.2435,1529.204712
14-01-2020,1545.3523,1515.03894
15-01-2020,1531.2583,1509.541016
16-01-2020,1525.7855,1523.459106
17-01-2020,1539.6371,1566.154419
20-01-2020,1582.0658,1517.961304
21-01-2020,1534.1669,1519.496704
22-01-2020,1535.6946,1518.951904
23-01-2020,1535.1525,1512.512939
24-01-2020,1528.7441,1507.262695
27-01-2020,1523.5173,1492.403564
28-01-2020,1508.7168,1457.930298
29-01-2020,1474.3387,1465.954224
30-01-2020,1482.3457,1430.193237
31-01-2020,1446.6381,1398.394653
03-02-2020,1414.8389,1372.490112
04-02-2020,1388.9019,1413.006104
05-02-2020,1429.456,1434.89856
06-02-2020,1451.3397,1444.111328
07-02-2020,1460.5424,1420.187988
10-02-2020,1436.6373,1422.119751
11-02-2020,1438.5686,1439.108643
12-02-2020,1455.5455,1456.493896
13-02-2020,1472.9052,1460.307739
14-02-2020,1476.7114,1473.63147
17-02-2020,1490.0037,1464.369263
18-02-2020,1480.7643,1453.621094
19-02-2020,1470.0375,1489.679321
20-02-2020,1506.0022,1471.996948
24-02-2020,1488.3734,1431.381958
25-02-2020,1447.8259,1403.099976
26-02-2020,1419.5471,1378.929077
27-02-2020,1395.3514,1373.233154
28-02-2020,1389.6461,1316.17395
02-03-2020,1332.4216,1303.791382
03-03-2020,1319.9867,1330.240601
04-03-2020,1346.5408,1327.120239
05-03-2020,1343.4095,1298.838257
06-03-2020,1315.0111,1259.065308
09-03-2020,1275.026,1103.68811
11-03-2020,1118.3483,1142.71814
12-03-2020,1157.7678,1053.018433
13-03-2020,1067.1196,1094.921265
16-03-2020,1109.4888,1006.162598
17-03-2020,1019.7002,998.5349120000001
18-03-2020,1011.977,959.405762
19-03-2020,972.343,909.082825
20-03-2020,921.3389,1008.391479
23-03-2020,1021.95685,875.748779
24-03-2020,887.5375,934.541504
25-03-2020,947.14624,1072.087646
26-03-2020,1086.4058,1056.188354
27-03-2020,1070.326,1055.593994
30-03-2020,1069.725,1020.774109
31-03-2020,1034.4918,1103.29187
01-04-2020,1117.9478,1070.304565
03-04-2020,1084.6027,1067.332764
07-04-2020,1081.5974,1194.77478
08-04-2020,1210.2817,1180.955688
09-04-2020,1196.3488,1208.494629
13-04-2020,1224.1093,1177.983887
15-04-2020,1193.3518,1139.052856
16-04-2020,1154.0676,1157.082031
17-04-2020,1172.2654,1212.506592
20-04-2020,1228.1516,1232.120728
21-04-2020,1247.9072,1225.731323
22-04-2020,1241.4729,1350.795776
23-04-2020,1367.159,1358.027222
24-04-2020,1374.4087,1403.694336
27-04-2020,1420.1417,1416.324707
28-04-2020,1432.7747,1414.739624
29-04-2020,1431.1897,1413.550903
30-04-2020,1430.0009,1452.234253
04-05-2020,1468.653,1421.723511
05-05-2020,1438.1726,1446.934448
06-05-2020,1463.3616,1447.033569
07-05-2020,1463.4606,1492.799805
08-05-2020,1509.1117,1547.134766
11-05-2020,1563.1768,1561.993896
12-05-2020,1577.9355,1465.359863
13-05-2020,1481.7526,1496.449951
14-05-2020,1512.7483,1435.949951
15-05-2020,1452.3901,1459.400024
18-05-2020,1475.8055,1440.75
19-05-2020,1457.1852,1408.900024
20-05-2020,1425.3492,1433.699951
21-05-2020,1450.1421,1441.25
22-05-2020,1457.6846,1431.550049
26-05-2020,1447.9939,1424.050049
27-05-2020,1440.4983,1445.550049
28-05-2020,1461.9791,1472.25
29-05-2020,1488.626,1464.400024
01-06-2020,1480.7949,1520.349976
02-06-2020,1536.5437,1535.699951
03-06-2020,1551.8113,1541.650024
04-06-2020,1557.7261,1579.800049
05-06-2020,1595.6061,1581.699951
08-06-2020,1597.4905,1569.5
09-06-2020,1585.3866,1537.150024
10-06-2020,1553.2529,1572.150024
11-06-2020,1588.0164,1537.699951
12-06-2020,1553.7997,1588.800049
15-06-2020,1604.5308,1614.550049
16-06-2020,1630.041,1617.699951
17-06-2020,1633.1592,1615.349976
18-06-2020,1630.833,1655.900024
19-06-2020,1670.9268,1759.400024
22-06-2020,1772.8088,1746.150024
23-06-2020,1759.8038,1720.900024
24-06-2020,1734.9895,1727.849976
25-06-2020,1741.8236,1717.900024
26-06-2020,1732.0386,1741.650024
29-06-2020,1755.3846,1723.150024
30-06-2020,1737.2024,1704.099976
01-07-2020,1718.4568,1737.599976
02-07-2020,1751.406,1760.349976
03-07-2020,1773.7406,1787.900024
06-07-2020,1800.7417,1851.8000489999997
07-07-2020,1863.1675,1823.449951
08-07-2020,1835.507,1798.0
09-07-2020,1810.6277,1824.25
10-07-2020,1836.2882,1878.0500489999997
13-07-2020,1888.7275,1934.9999999999998
14-07-2020,1944.0042,1917.0
15-07-2020,1926.5596,1844.0
16-07-2020,1855.5627,1843.400024
17-07-2020,1854.9777,1911.6999509999998
20-07-2020,1921.4183,1919.900024
21-07-2020,1929.3718,1971.550049
22-07-2020,1979.3488,2004.0000000000002
23-07-2020,2010.6393,2057.800049
24-07-2020,2062.3262,2146.149902
27-07-2020,2146.6667,2156.199951
28-07-2020,2156.2168,2177.699951
29-07-2020,2176.616,2096.649902
30-07-2020,2099.4976,2108.850098
31-07-2020,2111.1433,2067.100098
03-08-2020,2071.236,2009.0
04-08-2020,2015.4529,2150.600098
05-08-2020,2150.8965,2126.449951
06-08-2020,2127.9204,2134.100098
07-08-2020,2135.2043,2146.449951
10-08-2020,2146.9521,2119.850098
11-08-2020,2121.6323,2133.800049
12-08-2020,2134.919,2127.600098
13-08-2020,2129.0159,2122.050049
14-08-2020,2123.7288,2113.800049
17-08-2020,2115.8647,2091.350098
18-08-2020,2094.4343,2118.550049
19-08-2020,2120.3936,2131.550049
20-08-2020,2132.7773,2097.050049
21-08-2020,2099.8794,2081.850098
24-08-2020,2085.3523,2095.75
25-08-2020,2098.638,2082.100098
26-08-2020,2085.5918,2137.300049
27-08-2020,2138.2498,2110.600098
28-08-2020,2112.813,2116.149902
31-08-2020,2118.1055,2080.699951
01-09-2020,2084.2527,2087.25
02-09-2020,2090.5156,2128.199951
03-09-2020,2129.587,2112.100098
04-09-2020,2114.2437,2077.25
07-09-2020,2080.952,2082.649902
08-09-2020,2086.1174,2107.100098
09-09-2020,2109.4736,2161.350098
10-09-2020,2161.107,2314.0
11-09-2020,2304.9163,2319.75
14-09-2020,2310.2886,2302.550049
15-09-2020,2294.2085,2318.850098
16-09-2020,2309.4485,2324.550049
17-09-2020,2314.771,2298.75
18-09-2020,2290.6516,2305.699951
21-09-2020,2297.1553,2255.850098
22-09-2020,2250.3997,2211.149902
23-09-2020,2208.2676,2230.800049
24-09-2020,2226.8123,2181.199951
25-09-2020,2179.9326,2201.699951
28-09-2020,2199.3364,2216.25
29-09-2020,2213.0842,2245.050049
30-09-2020,2240.2375,2234.350098
01-10-2020,2230.1587,2225.25
05-10-2020,2221.5781,2212.199951
06-10-2020,2209.2595,2210.350098
07-10-2020,2207.5122,2257.5
08-10-2020,2251.951,2239.25
09-10-2020,2234.7756,2233.449951
12-10-2020,2229.3103,2237.050049
13-10-2020,2232.7031,2280.699951
14-10-2020,2273.7378,2287.5
15-10-2020,2280.1133,2206.5
16-10-2020,2203.874,2175.800049
19-10-2020,2174.8147,2176.199951
20-10-2020,2175.1938,2155.899902
21-10-2020,2155.932,2124.600098
22-10-2020,2126.1584,2106.949951
23-10-2020,2109.3306,2113.050049
26-10-2020,2115.1494,2029.0999759999997
27-10-2020,2034.7834,2034.5
28-10-2020,2039.971,2011.4499510000003
29-10-2020,2017.811,2026.900024
30-10-2020,2032.6693,2054.5
02-11-2020,2059.1628,1877.4499509999998
03-11-2020,1888.1439,1850.4000239999998
04-11-2020,1861.803,1913.1999509999998
05-11-2020,1922.8737,1955.0000000000002
06-11-2020,1963.3575,2029.150024
09-11-2020,2034.8317,2050.699951
10-11-2020,2055.5188,2084.550049
11-11-2020,2087.9346,1997.1999510000003
12-11-2020,2004.0894,1980.0000000000002
13-11-2020,1987.5049,1996.4000239999998
14-11-2020,2003.3185,2002.3000489999997
17-11-2020,2009.0022,1993.2500000000002
18-11-2020,2000.2827,1987.1999510000003
19-11-2020,1994.4501,1973.1500239999998
20-11-2020,1980.8936,1899.5
23-11-2020,1909.5759,1950.6999510000003
24-11-2020,1959.1993,1964.0500489999997
25-11-2020,1972.1049,1947.800049
26-11-2020,1956.394,1952.5999760000002
27-11-2020,1961.0367,1929.800049
01-12-2020,1938.967,1954.900024
02-12-2020,1963.2609,1958.1500240000003
03-12-2020,1966.4028,1964.0500489999997
04-12-2020,1972.1049,1946.7499999999998
07-12-2020,1955.378,1958.199951
08-12-2020,1966.4513,1993.7499999999998
09-12-2020,2000.7649,2026.949951
10-12-2020,2032.7173,2006.9999999999998
11-12-2020,2013.5278,2005.800049
14-12-2020,2012.3724,1991.300049
15-12-2020,1998.4033,1974.349976
16-12-2020,1982.0516,1976.5500489999997
17-12-2020,1984.1755,1985.599976
18-12-2020,1992.9071,1991.550049
21-12-2020,1998.6444,1939.6999509999998
22-12-2020,1948.5549,1936.6999509999998
23-12-2020,1945.6504,1943.8499759999997
24-12-2020,1952.5719,1994.1500240000003
28-12-2020,2001.15,2003.300049
29-12-2020,2009.9651,1990.0500489999997
30-12-2020,1997.1982,1995.4999999999998
31-12-2020,2002.451,1985.3000490000002
01-01-2021,1992.6177,1987.5
04-01-2021,1994.7395,1990.8499759999997
05-01-2021,1997.9694,1966.0999760000002
06-01-2021,1974.085,1914.25
07-01-2021,1923.8923,1911.1500239999998
08-01-2021,1920.885,1933.699951
11-01-2021,1942.7452,1897.2499999999998
12-01-2021,1907.3906,1957.050049
13-01-2021,1965.3397,1938.8000489999997
14-01-2021,1947.6836,1960.599976
15-01-2021,1968.7709,1937.4499509999998
18-01-2021,1946.3765,1983.949951
19-01-2021,1991.3157,2016.400024
20-01-2021,2022.5736,2054.699951
21-01-2021,2059.3542,2099.399902
22-01-2021,2102.1238,2049.600098
25-01-2021,2054.4639,1941.0
27-01-2021,1949.8135,1894.9999999999998
28-01-2021,1905.205,1876.5500489999997
29-01-2021,1887.2684,1841.949951
01-02-2021,1853.5635,1895.300049
02-02-2021,1905.4965,1925.8000489999997
03-02-2021,1935.0912,1930.650024
04-02-2021,1939.7908,1924.3000489999997
05-02-2021,1933.6373,1923.75
08-02-2021,1933.104,1951.4499509999998
09-02-2021,1959.9244,1956.150024
10-02-2021,1964.4694,1974.3000490000002
11-02-2021,1982.0039,2055.699951
12-02-2021,2060.3132,2041.5999759999997
15-02-2021,2046.788,2032.599976
16-02-2021,2038.146,2059.5
17-02-2021,2063.9556,2083.25
18-02-2021,2086.6912,2067.699951
19-02-2021,2071.8105,2080.300049
22-02-2021,2083.8699,2008.099976
23-02-2021,2014.5867,2023.4499510000003
24-02-2021,2029.3529,2061.0
25-02-2021,2065.3926,2144.350098
26-02-2021,2144.9556,2085.800049
01-03-2021,2089.1296,2101.699951
02-03-2021,2104.3198,2106.0
03-03-2021,2108.4238,2202.100098
04-03-2021,2199.7146,2175.850098
05-03-2021,2174.8623,2178.699951
08-03-2021,2177.5637,2191.100098
09-03-2021,2189.308,2191.050049
10-03-2021,2189.2607,2181.949951
12-03-2021,2180.6433,2137.600098
15-03-2021,2138.5352,2108.899902
16-03-2021,2111.191,2100.600098
17-03-2021,2103.2695,2055.350098
18-03-2021,2059.978,2009.099976
19-03-2021,2015.5494,2082.0
22-03-2021,2085.4958,2062.399902
23-03-2021,2066.7344,2087.5
24-03-2021,2090.755,2047.3000490000002
25-03-2021,2052.2576,1991.449951
26-03-2021,1998.5475,1994.6500240000003
30-03-2021,2001.632,2029.300049
31-03-2021,2034.9757,2003.0999759999997
01-04-2021,2009.7726,2021.849976
05-04-2021,2027.8148,1992.5999759999997
06-04-2021,1999.6562,1984.300049
07-04-2021,1991.6532,2002.8499759999997
08-04-2021,2009.5319,2005.3499759999997
09-04-2021,2011.9392,1982.050049
12-04-2021,1989.4832,1911.1500239999998
13-04-2021,1920.885,1931.800049
15-04-2021,1940.9048,1944.300049
16-04-2021,1953.0077,1932.0999759999997
19-04-2021,1941.1953,1901.6999509999998
20-04-2021,1911.7124,1901.1500239999998
22-04-2021,1911.1782,1906.400024
23-04-2021,1916.2751,1904.3499759999997
26-04-2021,1914.2852,1937.849976
27-04-2021,1946.764,1988.650024
28-04-2021,1995.8483,1997.3000490000002
29-04-2021,2004.1858,2024.0500489999997
30-04-2021,2029.9299,1994.4999999999998
03-05-2021,2001.4875,1959.050049
04-05-2021,1967.273,1916.5999759999997
05-05-2021,1926.1716,1920.0999759999997
06-05-2021,1929.5658,1930.9999999999998
07-05-2021,1940.1298,1931.7499999999998
10-05-2021,1940.8563,1926.1999509999998
11-05-2021,1935.4788,1933.1500239999998
12-05-2021,1942.2125,1913.1500239999998
14-05-2021,1922.8253,1937.3000489999997
17-05-2021,1946.2316,1960.349976
18-05-2021,1968.5292,1987.9499509999998
19-05-2021,1995.1733,1997.0500490000002
20-05-2021,2003.9451,1985.4000239999998
21-05-2021,1992.7144,2002.550049
24-05-2021,2009.2429,1985.6500239999998
25-05-2021,1992.9553,1963.150024
26-05-2021,1971.235,1970.050049
27-05-2021,1977.9004,1976.0999760000002
28-05-2021,1983.7412,2094.800049
31-05-2021,2097.7302,2160.300049
01-06-2021,2160.11,2168.899902
02-06-2021,2168.2715,2201.25
03-06-2021,2198.911,2209.649902
04-06-2021,2206.8503,2190.5
07-06-2021,2188.7402,2227.399902
08-06-2021,2223.6062,2214.600098
09-06-2021,2211.5264,2175.0
10-06-2021,2174.0564,2183.0
11-06-2021,2181.638,2213.149902
14-06-2021,2210.1567,2244.899902
15-06-2021,2240.0962,2250.0
16-06-2021,2244.8965,2211.600098
17-06-2021,2208.693,2215.649902
18-06-2021,2212.5178,2225.649902
21-06-2021,2221.9556,2237.25
22-06-2021,2232.8914,2225.75
23-06-2021,2222.0498,2205.350098
24-06-2021,2202.787,2153.5
25-06-2021,2153.6519,2104.449951
28-06-2021,2106.9448,2086.0
29-06-2021,2089.3208,2087.800049
30-06-2021,2091.0415,2110.649902
01-07-2021,2112.8604,2097.949951
02-07-2021,2100.739,2129.050049
05-07-2021,2130.397,2150.199951
06-07-2021,2150.5164,2124.800049
07-07-2021,2126.3489,2110.050049
08-07-2021,2112.288,2092.600098
09-07-2021,2095.6287,2071.199951
12-07-2021,2075.1619,2084.100098
13-07-2021,2087.5042,2099.699951
14-07-2021,2102.4104,2086.0
15-07-2021,2089.3208,2082.350098
16-07-2021,2085.8308,2112.399902
19-07-2021,2114.5295,2098.949951
20-07-2021,2101.694,2093.800049
22-07-2021,2096.7754,2120.699951
23-07-2021,2122.4424,2105.699951
26-07-2021,2108.1377,2076.850098
27-07-2021,2080.5693,2055.0
28-07-2021,2059.6423,2037.3499760000002
29-07-2021,2042.708,2053.25
30-07-2021,2057.9644,2035.3000490000002
02-08-2021,2040.7393,2072.5
03-08-2021,2076.4065,2087.75
04-08-2021,2090.9937,2103.75
05-08-2021,2106.2766,2134.25
06-08-2021,2135.3472,2089.050049
09-08-2021,2092.2363,2077.149902
10-08-2021,2080.8564,2088.050049
11-08-2021,2091.2803,2117.300049
12-08-2021,2119.202,2110.5
13-08-2021,2112.7175,2145.649902
16-08-2021,2146.1914,2173.5
17-08-2021,2172.6343,2164.25
18-08-2021,2163.8596,2172.649902
20-08-2021,2171.8281,2148.25
23-08-2021,2148.663,2162.350098
24-08-2021,2162.0562,2183.699951
25-08-2021,2182.301,2202.600098
26-08-2021,2200.1873,2230.449951
27-08-2021,2226.4822,2227.399902
30-08-2021,2223.6062,2270.25
31-08-2021,2263.931,2258.149902
01-09-2021,2252.562,2267.100098
02-09-2021,2260.9724,2294.399902
03-09-2021,2286.5781,2388.5
06-09-2021,2374.2625,2425.600098
07-09-2021,2408.5798,2440.899902
08-09-2021,2422.6892,2431.350098
09-09-2021,2413.8853,2425.600098
13-09-2021,2408.5798,2371.550049
14-09-2021,2358.5352,2368.449951
15-09-2021,2355.6558,2378.300049
16-09-2021,2364.802,2428.199951
17-09-2021,2410.979,2390.550049
20-09-2021,2376.1626,2394.350098
21-09-2021,2379.683,2404.699951
22-09-2021,2389.2651,2430.5
23-09-2021,2413.101,2489.899902
24-09-2021,2467.705,2482.699951
27-09-2021,2461.107,2524.449951
28-09-2021,2499.2864,2548.050049
29-09-2021,2520.7812,2527.850098
30-09-2021,2502.3872,2519.25
01-10-2021,2494.5417,2523.699951
04-10-2021,2498.6023,2556.149902
05-10-2021,2528.1438,2609.199951
06-10-2021,2576.1787,2559.850098
07-10-2021,2531.505,2572.399902
08-10-2021,2542.8926,2671.25
11-10-2021,2631.9426,2652.649902
12-10-2021,2615.2751,2667.800049
13-10-2021,2628.8542,2694.949951
14-10-2021,2653.1196,2700.399902
18-10-2021,2657.9795,2707.600098
19-10-2021,2664.3945,2731.850098
20-10-2021,2685.954,2700.399902
21-10-2021,2657.9795,2622.5
22-10-2021,2588.17,2627.399902
25-10-2021,2592.5825,2601.800049
26-10-2021,2569.4983,2661.050049
27-10-2021,2622.8076,2627.399902
28-10-2021,2592.5825,2598.600098
29-10-2021,2566.6074,2536.25
01-11-2021,2510.0417,2537.800049
02-11-2021,2511.4534,2500.800049
03-11-2021,2477.683,2483.600098
04-11-2021,2461.9324,2498.850098
08-11-2021,2475.899,2501.949951
09-11-2021,2478.7349,2521.699951
10-11-2021,2496.7776,2549.899902
11-11-2021,2522.4634,2554.550049
12-11-2021,2526.6904,2593.100098
15-11-2021,2561.6353,2577.800049
16-11-2021,2547.787,2517.899902
17-11-2021,2493.3093,2464.0
18-11-2021,2443.9438,2473.300049
22-11-2021,2452.4844,2363.75
23-11-2021,2351.288,2385.850098
24-11-2021,2371.8057,2351.399902
25-11-2021,2339.8003,2492.949951
26-11-2021,2470.4985,2412.600098
29-11-2021,2396.5715,2441.5
30-11-2021,2423.242,2405.399902
01-12-2021,2389.9128,2467.0
02-12-2021,2446.7,2482.850098
03-12-2021,2461.2446,2408.25
06-12-2021,2392.549,2362.600098
07-12-2021,2350.2192,2381.850098
08-12-2021,2368.096,2418.100098
09-12-2021,2401.6538,2456.449951
10-12-2021,2437.0032,2458.949951
13-12-2021,2439.302,2409.649902
14-12-2021,2393.844,2380.149902
15-12-2021,2366.5183,2373.199951
16-12-2021,2360.0676,2403.899902
17-12-2021,2388.5247,2340.449951
20-12-2021,2329.6018,2277.350098
21-12-2021,2270.5952,2311.25
22-12-2021,2302.3457,2366.100098
23-12-2021,2353.4724,2365.25
24-12-2021,2352.6821,2372.800049
27-12-2021,2359.696,2370.25
28-12-2021,2357.328,2398.399902
29-12-2021,2383.434,2402.5
30-12-2021,2387.2295,2359.100098
31-12-2021,2346.9646,2368.149902
03-01-2022,2355.377,2403.850098
04-01-2022,2388.4788,2458.100098
05-01-2022,2438.5205,2469.600098
06-01-2022,2449.088,2416.5
07-01-2022,2400.1755,2436.0
10-01-2022,2418.173,2438.0
11-01-2022,2420.0166,2455.550049
12-01-2022,2436.1758,2521.100098
13-01-2022,2496.2302,2535.300049
14-01-2022,2509.1765,2539.0
17-01-2022,2512.5461,2552.25
18-01-2022,2524.6,2521.800049
19-01-2022,2496.869,2521.600098
20-01-2022,2496.6865,2477.449951
21-01-2022,2456.2925,2477.850098
24-01-2022,2456.6594,2377.899902
25-01-2022,2364.4307,2373.25
27-01-2022,2360.114,2338.100098
28-01-2022,2327.4116,2335.850098
31-01-2022,2325.3137,2386.600098
01-02-2022,2372.501,2378.699951
02-02-2022,2365.173,2383.550049
03-02-2022,2369.6726,2352.75
04-02-2022,2341.057,2331.300049
07-02-2022,2321.0703,2317.100098
08-02-2022,2307.8135,2356.050049
09-02-2022,2344.1274,2383.5
10-02-2022,2369.6262,2381.050049
11-02-2022,2367.3538,2376.399902
14-02-2022,2363.0386,2338.550049
15-02-2022,2327.8308,2417.949951
16-02-2022,2401.5151,2412.949951
17-02-2022,2396.895,2443.5
18-02-2022,2425.0845,2424.399902
21-02-2022,2407.4717,2399.899902
22-02-2022,2384.8228,2389.0
23-02-2022,2374.7258,2374.050049
24-02-2022,2360.857,2255.75
25-02-2022,2250.3052,2283.949951
28-02-2022,2276.7854,2359.550049
02-03-2022,2347.383,2398.550049
03-03-2022,2383.573,2378.300049
04-03-2022,2364.802,2325.550049
07-03-2022,2315.7046,2239.550049
08-03-2022,2235.058,2235.5
09-03-2022,2231.2422,2354.100098
10-03-2022,2342.3132,2392.25
11-03-2022,2377.7378,2399.149902
14-03-2022,2384.1287,2418.850098
15-03-2022,2402.3472,2363.449951
16-03-2022,2351.009,2403.350098
17-03-2022,2388.016,2481.699951
21-03-2022,2460.1902,2467.399902
22-03-2022,2447.0671,2531.149902
23-03-2022,2505.3953,2539.199951
24-03-2022,2512.728,2578.649902
25-03-2022,2548.557,2595.850098
28-03-2022,2564.1218,2621.949951
29-03-2022,2587.6746,2622.550049
30-03-2022,2588.215,2672.949951
31-03-2022,2633.4639,2634.75
01-04-2022,2599.196,2655.850098
04-04-2022,2618.1458,2663.699951
05-04-2022,2625.182,2626.050049
06-04-2022,2591.367,2619.050049
07-04-2022,2585.0618,2572.850098
08-04-2022,2543.3005,2615.649902
11-04-2022,2581.9966,2610.199951
12-04-2022,2577.081,2561.050049
13-04-2022,2532.5945,2551.649902
18-04-2022,2524.0544,2543.850098
19-04-2022,2516.9604,2640.800049
20-04-2022,2604.6348,2718.449951
21-04-2022,2674.0496,2782.100098
22-04-2022,2730.3965,2758.800049
25-04-2022,2709.8286,2695.0
26-04-2022,2653.164,2775.649902
27-04-2022,2724.7092,2778.350098
28-04-2022,2727.0908,2819.850098
29-04-2022,2763.573,2790.25
02-05-2022,2737.5742,2780.449951
04-05-2022,2728.942,2693.649902
05-05-2022,2651.9592,2640.899902
06-05-2022,2604.7249,2620.649902
09-05-2022,2586.5032,2518.300049
10-05-2022,2493.675,2474.649902
11-05-2022,2453.7234,2449.300049
12-05-2022,2430.4248,2399.399902
13-05-2022,2384.3599,2426.600098
16-05-2022,2409.5024,2427.199951
17-05-2022,2410.0562,2529.149902
18-05-2022,2503.5723,2538.350098
19-05-2022,2511.9543,2479.850098
20-05-2022,2458.494,2624.449951
23-05-2022,2589.9263,2606.899902
24-05-2022,2574.1028,2615.850098
25-05-2022,2582.1772,2612.0
26-05-2022,2578.7048,2587.100098
27-05-2022,2556.208,2575.100098
30-05-2022,2545.3403,2664.800049
31-05-2022,2626.1675,2632.649902
01-06-2022,2597.307,2633.5
02-06-2022,2598.0715,2724.300049
03-06-2022,2679.2495,2779.5
06-06-2022,2728.1045,2767.550049
07-06-2022,2717.5603,2772.75
08-06-2022,2722.151,2724.050049
09-06-2022,2679.0276,2798.75
10-06-2022,2745.0513,2714.25
13-06-2022,2670.314,2662.899902
14-06-2022,2624.4653,2628.100098
15-06-2022,2593.2126,2596.300049
16-06-2022,2564.5288,2560.0
17-06-2022,2531.641,2590.0
20-06-2022,2558.8318,2543.050049
21-06-2022,2516.2327,2584.100098
22-06-2022,2553.4924,2505.600098
23-06-2022,2482.073,2464.949951
24-06-2022,2444.8167,2500.050049
27-06-2022,2476.997,2492.649902
28-06-2022,2470.2236,2527.699951
29-06-2022,2502.2502,2580.149902
30-06-2022,2549.9155,2595.649902
01-07-2022,2563.941,2408.699951
04-07-2022,2392.965,2413.699951
05-07-2022,2397.5881,2433.25
06-07-2022,2415.6375,2411.850098
07-07-2022,2395.878,2388.100098
08-07-2022,2373.8914,2391.399902
11-07-2022,2376.95,2423.899902
12-07-2022,2407.0103,2420.449951
13-07-2022,2403.8245,2377.550049
14-07-2022,2364.1057,2397.149902
15-07-2022,2382.2766,2401.800049
18-07-2022,2386.5815,2422.25
19-07-2022,2405.487,2437.100098
20-07-2022,2419.1873,2503.0
21-07-2022,2479.6953,2486.300049
22-07-2022,2464.4072,2503.100098
25-07-2022,2479.7869,2420.399902
26-07-2022,2403.7783,2421.5
27-07-2022,2404.7942,2419.199951
28-07-2022,2402.67,2457.100098
29-07-2022,2437.601,2509.449951
01-08-2022,2485.5918,2574.850098
02-08-2022,2545.1135,2584.649902
03-08-2022,2553.9902,2606.350098
04-08-2022,2573.6064,2571.899902
05-08-2022,2542.4392,2534.0
08-08-2022,2507.9922,2567.149902
10-08-2022,2538.1309,2582.5
11-08-2022,2552.044,2591.100098
12-08-2022,2559.827,2633.0
16-08-2022,2597.6218,2651.300049
17-08-2022,2614.064,2665.149902
18-08-2022,2626.481,2661.300049
19-08-2022,2623.0317,2613.850098
22-08-2022,2580.3735,2606.600098
23-08-2022,2573.8323,2646.800049
24-08-2022,2610.0244,2639.75
25-08-2022,2603.6914,2632.050049
26-08-2022,2596.767,2618.0
29-08-2022,2584.1152,2597.649902
30-08-2022,2565.7483,2637.949951
01-09-2022,2602.0732,2560.399902
02-09-2022,2532.0044,2530.5
05-09-2022,2504.8027,2569.800049
06-09-2022,2540.535,2596.850098
07-09-2022,2565.0256,2581.75
08-09-2022,2551.3647,2585.399902
09-09-2022,2554.6692,2569.300049
12-09-2022,2540.0815,2598.050049
13-09-2022,2566.1104,2619.75
14-09-2022,2585.6924,2588.350098
15-09-2022,2557.339,2562.699951
16-09-2022,2534.0925,2499.199951
19-09-2022,2476.2192,2502.449951
20-09-2022,2479.1921,2502.850098
21-09-2022,2479.558,2509.75
22-09-2022,2485.866,2486.100098
23-09-2022,2464.2236,2439.5
24-09-2022,2421.3992,2429.08740234375
25-09-2022,2411.7979,2442.912353515625
26-09-2022,2424.5432,2400.763427734375
27-09-2022,2385.622,2387.805908203125
28-09-2022,2373.619,2358.66259765625
29-09-2022,2346.5576,2376.35107421875
30-09-2022,2362.9932,2387.34814453125
01-10-2022,2373.1946,2345.8720703125
02-10-2022,2334.6533,2319.38720703125
03-10-2022,2309.9497,2331.24609375
04-10-2022,2321.02,2320.05908203125
05-10-2022,2310.5774,2334.87939453125
06-10-2022,2324.4087,2288.78076171875
07-10-2022,2281.3137,2249.080322265625
08-10-2022,2244.031,2234.219482421875
09-10-2022,2230.0356,2220.5810546875
10-10-2022,2217.1726,2201.218505859375
11-10-2022,2198.8809,2198.610107421875
12-10-2022,2196.414,2144.734130859375
13-10-2022,2145.3208,2133.01416015625
14-10-2022,2134.171,2125.49951171875
15-10-2022,2127.0151,2079.339111328125
16-10-2022,2082.9507,2118.211181640625
17-10-2022,2120.07,2082.422119140625
18-10-2022,2085.8997,2100.9326171875
19-10-2022,2103.5872,2076.089599609375
20-10-2022,2079.8418,2072.563720703125
21-10-2022,2076.4673,2085.476318359375
22-10-2022,2088.82,2080.675048828125
23-10-2022,2084.2288,2036.6463623046875
24-10-2022,2042.0321,2003.2658691406248
25-10-2022,2009.9324,2031.3680419921875
26-10-2022,2036.9628,2012.4361572265625
27-10-2022,2018.76,2030.9979248046873
28-10-2022,2036.6069,2020.5460205078125
29-10-2022,2026.5612,2062.266845703125
30-10-2022,2066.6067,2101.120849609375
31-10-2022,2103.7668,2089.999267578125
01-11-2022,2093.1436,2088.0732421875
02-11-2022,2091.3025,2071.89794921875
03-11-2022,2075.83,2083.836181640625
04-11-2022,2087.2517,2068.677734375
05-11-2022,2072.747,2054.11572265625
06-11-2022,2058.7944,2051.585205078125
07-11-2022,2056.368,2049.256591796875
08-11-2022,2054.1345,2054.348876953125
09-11-2022,2059.018,2057.911865234375
10-11-2022,2062.4333,2088.294189453125
11-11-2022,2091.514,2121.220458984375
12-11-2022,2122.9382,2150.11962890625
13-11-2022,2150.44,2155.569580078125
14-11-2022,2155.618,2163.75830078125
15-11-2022,2163.3928,2156.1591796875
16-11-2022,2156.1777,2159.027587890625
17-11-2022,2158.9019,2170.99658203125
18-11-2022,2170.2603,2162.174072265625
19-11-2022,2161.8892,2129.921142578125
20-11-2022,2131.226,2130.798828125
21-11-2022,2132.0618,2137.614013671875
22-11-2022,2138.5483,2151.700439453125
23-11-2022,2151.9421,2131.965087890625
24-11-2022,2133.172,2132.091796875
25-11-2022,2133.293,2093.4794921875
26-11-2022,2096.469,2100.69384765625
27-11-2022,2103.3594,2107.228515625
28-11-2022,2109.5962,2093.950927734375
29-11-2022,2096.9194,2089.32470703125
30-11-2022,2092.4988,2099.412353515625
01-12-2022,2102.1355,2102.375732421875
02-12-2022,2104.9648,2099.64697265625
03-12-2022,2102.3599,2131.153564453125
04-12-2022,2132.3997,2156.357421875
05-12-2022,2156.3662,2167.562255859375
06-12-2022,2167.0024,2175.003173828125
07-12-2022,2174.0593,2147.098388671875
08-12-2022,2147.5686,2161.235595703125
09-12-2022,2160.9983,2148.2919921875
10-12-2022,2148.7031,2122.125244140625
11-12-2022,2123.8003,2101.34765625
12-12-2022,2103.9834,2099.95751953125
13-12-2022,2102.6562,2077.028076171875
14-12-2022,2080.7397,2072.497802734375
15-12-2022,2076.4043,2092.917236328125
16-12-2022,2095.9316,2095.8212890625
17-12-2022,2098.706,2092.557861328125
18-12-2022,2095.5884,2101.026611328125
19-12-2022,2103.677,2071.437744140625
20-12-2022,2075.3896,2041.1044921875
21-12-2022,2046.3124,2032.3121337890625
22-12-2022,2037.8695,2004.4298095703125
23-12-2022,2011.0532,1995.4560546875
24-12-2022,2002.4089,2039.2127685546877
25-12-2022,2044.4965,2074.908447265625
26-12-2022,2078.7114,2051.602783203125
27-12-2022,2056.3845,2065.225830078125
28-12-2022,2069.4412,2084.811767578125
29-12-2022,2088.1848,2054.553955078125
30-12-2022,2059.2144,2043.476318359375
31-12-2022,2048.5889,2031.0855712890625
01-01-2023,2036.6912,2040.5292968749998
02-01-2023,2045.7601,2030.9180908203123
03-01-2023,2036.5304,2036.7641601562498
04-01-2023,2042.1455,2040.0093994140625
05-01-2023,2045.2611,2037.4383544921875
06-01-2023,2042.7928,2040.5117187499998
07-01-2023,2045.7433,2022.6146240234373
08-01-2023,2028.55,1991.7009277343748
09-01-2023,1998.7897,1986.490478515625
10-01-2023,1993.7659,1999.3905029296873
11-01-2023,2006.1997,1994.3419189453125
12-01-2023,2001.3351,2024.6905517578123
13-01-2023,2030.5457,2009.1895751953125
14-01-2023,2015.6356,1989.734130859375
15-01-2023,1996.8936,2003.177734375
16-01-2023,2009.8473,2021.04833984375
17-01-2023,2027.0442,2037.7783203125
18-01-2023,2043.1191,2008.2720947265625
19-01-2023,2014.7523,1984.9879150390625
20-01-2023,1992.3169,1985.620361328125
21-01-2023,1992.9269,2004.342529296875
22-01-2023,2010.9691,1997.0384521484375
23-01-2023,2003.9337,2014.2374267578125
24-01-2023,2020.4932,2009.8653564453125
25-01-2023,2016.2858,2007.1290283203123
26-01-2023,2013.6519,2025.0029296875
27-01-2023,2030.846,2070.0625
28-01-2023,2074.073,2071.808349609375
29-01-2023,2075.7444,2075.48486328125
30-01-2023,2079.2632,2067.368896484375
31-01-2023,2071.4937,2064.294189453125
01-02-2023,2068.5488,2034.630615234375
02-02-2023,2040.0966,2045.9044189453125
03-02-2023,2050.9187,2045.84716796875
04-02-2023,2050.8638,2052.298095703125
05-02-2023,2057.0515,2053.182861328125
06-02-2023,2057.9,2064.71240234375
07-02-2023,2068.9495,2094.118896484375
08-02-2023,2097.0798,2087.52978515625
09-02-2023,2090.7832,2087.2744140625
10-02-2023,2090.5388,2080.21044921875
11-02-2023,2083.7844,2096.00927734375
12-02-2023,2098.8857,2081.835693359375
13-02-2023,2085.3386,2087.78515625
14-02-2023,2091.0273,2106.18212890625
15-02-2023,2108.5977,2109.777099609375
16-02-2023,2112.0278,2136.87109375
17-02-2023,2137.8416,2147.8203125
18-02-2023,2148.2544,2125.382080078125
19-02-2023,2126.9033,2140.302734375
20-02-2023,2141.1064,2134.40673828125
21-02-2023,2135.496,2115.329833984375
22-02-2023,2117.3235,2112.95703125
23-02-2023,2115.0608,2090.65380859375
24-02-2023,2093.769,2086.91455078125
25-02-2023,2090.195,2101.2958984375
26-02-2023,2103.934,2099.941650390625
27-02-2023,2102.6409,2097.19287109375
28-02-2023,2100.016,2120.1611328125
01-03-2023,2121.9287,2075.645263671875
02-03-2023,2079.4167,2083.92138671875
03-03-2023,2087.3335,2110.60986328125
04-03-2023,2112.8223,2125.7041015625
05-03-2023,2127.2102,2129.677978515625
06-03-2023,2130.9944,2161.367919921875
07-03-2023,2161.1238,2183.56884765625
08-03-2023,2182.1765,2169.037353515625
09-03-2023,2168.4019,2151.759765625
10-03-2023,2151.9985,2135.109375
11-03-2023,2136.165,2095.781005859375
12-03-2023,2098.6675,2072.1552734375
13-03-2023,2076.0762,2056.80517578125
14-03-2023,2061.3723,2082.60595703125
15-03-2023,2086.0752,2070.646484375
16-03-2023,2074.632,2067.487060546875
17-03-2023,2071.6067,2055.399658203125
18-03-2023,2060.0254,2083.02294921875
19-03-2023,2086.474,2075.5595703125
20-03-2023,2079.3347,2085.7216796875
21-03-2023,2089.0547,2095.9248046875
22-03-2023,2098.8047,2062.9033203125
23-03-2023,2067.2163,2028.4276123046877
24-03-2023,2034.1373,2014.3737792968748
25-03-2023,2020.6244,1995.60888671875
26-03-2023,2002.5562,2006.4040527343748
27-03-2023,2012.954,1983.7576904296873
28-03-2023,1991.1302,1988.7869873046875
29-03-2023,1995.9805,1972.08984375
30-03-2023,1979.8699,1981.2882080078123
31-03-2023,1988.7479,1972.5362548828127
01-04-2023,1980.3009,2014.392333984375
02-04-2023,2020.6422,1995.7126464843752
03-04-2023,2002.6561,1984.5067138671877
04-04-2023,1991.8528,1986.2701416015623
05-04-2023,1993.5535,2003.2291259765625
06-04-2023,2009.897,2000.3845214843748
07-04-2023,2007.1573,1995.1040039062498
08-04-2023,2002.0696,1973.3516845703125
09-04-2023,1981.0883,1982.3188476562498
10-04-2023,1989.7422,1996.6363525390627
11-04-2023,2003.5461,2001.385498046875
12-04-2023,2008.1215,1977.9655761718748
13-04-2023,1985.5417,1980.1683349609377
14-04-2023,1987.6672,2002.116455078125
15-04-2023,2008.8254,2034.2424316406252
16-04-2023,2039.7236,2037.8873291015625
17-04-2023,2043.2238,2033.1734619140625
18-04-2023,2038.697,2014.342041015625
19-04-2023,2020.5938,2013.6534423828125
20-04-2023,2019.9314,1996.860595703125
21-04-2023,2003.7621,2007.649658203125
22-04-2023,2014.1533,1998.267333984375
23-04-2023,2005.1177,2006.2550048828127
24-04-2023,2012.8104,1983.9976806640625
25-04-2023,1991.3617,1997.2015380859375
26-04-2023,2004.0907,1982.4776611328123
27-04-2023,1989.8953,1982.8538818359375
28-04-2023,1990.2582,1990.5712890624998
29-04-2023,1997.7008,1991.052001953125
30-04-2023,1998.164,1992.1995849609375
01-05-2023,1999.2704,2008.31201171875
02-05-2023,2014.7908,2031.1954345703127
03-05-2023,2036.7966,2069.0546875
04-05-2023,2073.108,2036.5886230468752
05-05-2023,2041.9767,2039.8883056640627
06-05-2023,2045.1449,2030.4639892578123
07-05-2023,2036.094,2022.6044921874998
08-05-2023,2028.5403,2012.234130859375
09-05-2023,2018.5654,2023.501220703125
10-05-2023,2029.4023,1991.6392822265625
11-05-2023,1998.7302,1980.57373046875
12-05-2023,1988.0585,1978.883056640625
13-05-2023,1986.4272,1968.1326904296873
14-05-2023,1976.0486,1978.4449462890623
15-05-2023,1986.0044,1974.7950439453125
16-05-2023,1982.4817,1945.9689941406248
17-05-2023,1954.6224,1960.746826171875
18-05-2023,1968.9128,1965.3939208984375
19-05-2023,1973.403,1950.4498291015623
20-05-2023,1958.9572,1976.465087890625
21-05-2023,1984.0936,2008.7496337890623
22-05-2023,2015.2122,2030.2149658203125
23-05-2023,2035.8549,2025.9552001953125
24-05-2023,2031.7614,2022.5743408203127
25-05-2023,2028.5114,2022.4993896484375
26-05-2023,2028.4392,2017.0250244140627
27-05-2023,2023.1747,2018.8824462890625
28-05-2023,2024.9614,2013.6917724609375
29-05-2023,2019.968,2018.7827148437502
30-05-2023,2024.8656,2041.50341796875
31-05-2023,2046.6953,2056.871337890625
01-06-2023,2061.436,2062.667724609375
02-06-2023,2066.9907,2062.283935546875
03-06-2023,2066.6233,2028.9869384765623
04-06-2023,2034.6749,2038.7227783203125
05-06-2023,2044.0261,2018.9058837890625
06-06-2023,2024.9839,2034.5419921875
07-06-2023,2040.0115,2039.2833251953125
08-06-2023,2044.5642,2072.95849609375
09-06-2023,2076.8452,2074.696044921875
10-06-2023,2078.508,2064.9912109375
11-06-2023,2069.2166,2085.192138671875
12-06-2023,2088.548,2091.60400390625
13-06-2023,2094.677,2091.19580078125
14-06-2023,2094.2869,2099.72802734375
15-06-2023,2102.437,2096.716796875
16-06-2023,2099.5613,2083.1103515625
17-06-2023,2086.5579,2084.1416015625
18-06-2023,2087.544,2082.315185546875
19-06-2023,2085.7974,2110.662109375
20-06-2023,2112.872,2091.010498046875
21-06-2023,2094.1099,2095.4287109375
22-06-2023,2098.3313,2091.71484375
23-06-2023,2094.783,2079.57177734375
24-06-2023,2083.1733,2067.696044921875
25-06-2023,2071.807,2057.5830078125
26-06-2023,2062.1182,2018.962646484375
27-06-2023,2025.0385,2036.9578857421875
28-06-2023,2042.3313,2061.526611328125
29-06-2023,2065.8972,2055.393798828125
30-06-2023,2060.0198,2056.421875
01-07-2023,2061.0054,2043.1622314453125
02-07-2023,2048.2874,2052.654296875
03-07-2023,2057.3933,2048.060546875
04-07-2023,2052.9873,2046.3919677734377
05-07-2023,2051.3867,2052.873779296875
06-07-2023,2057.6035,2052.4853515625
07-07-2023,2057.2312,2082.8671875
08-07-2023,2086.3252,2064.70166015625
09-07-2023,2068.9392,2037.6019287109375
10-07-2023,2042.9498,2070.264404296875
11-07-2023,2074.266,2077.164794921875
12-07-2023,2080.8706,2036.5399169921875
13-07-2023,2041.9299,2082.681640625
14-07-2023,2086.148,2109.4423828125
15-07-2023,2111.7085,2116.13134765625
16-07-2023,2118.0876,2126.6171875
17-07-2023,2128.0798,2102.11572265625
18-07-2023,2104.7166,2119.026611328125
19-07-2023,2120.8477,2119.026611328125
20-07-2023,2120.8477,2119.026611328125
21-07-2023,2120.8477,2119.026611328125
